{"cameraMode":{"drawMode":0,"name":"Shaded","section":"Shading Mode"},"sceneLighting":true,"audioPlay":false,"sceneViewState":{"m_AlwaysRefresh":false,"showFog":true,"showSkybox":true,"showFlares":true,"showImageEffects":true,"showParticleSystems":true,"showVisualEffectGraphs":true,"m_FxEnabled":true},"in2DMode":false,"pivot":{"x":15.393651008605957,"y":-7.062116622924805,"z":2.318060874938965},"rotation":{"x":0.09616320580244065,"y":0.8622214794158936,"z":-0.46412646770477297,"w":0.17864514887332917},"size":9.028281211853028,"orthographic":false}